Date,Open,High,Low,Close,Volume
2015-01-02,1914.24,1929.15,1909.67,1926.44,258775
2015-01-05,1921.96,1921.96,1903.37,1915.75,313442
2015-01-06,1895.48,1900.02,1877.38,1882.45,303687
2015-01-07,1878.9,1887.6,1876.27,1883.83,280509
2015-01-08,1895.85,1907.23,1891.77,1904.65,262207
2015-01-09,1919.8,1929.1,1915.85,1924.7,308780
2015-01-12,1918.18,1924.66,1917.88,1920.95,311915
2015-01-13,1915.03,1920.77,1910.27,1917.14,338989
2015-01-14,1919.31,1925.68,1913.51,1913.66,297516
2015-01-15,1914.06,1919.69,1908.6,1914.14,266544
2015-01-16,1907.07,1907.07,1885.62,1888.13,298732
2015-01-19,1902.81,1912.42,1900.26,1902.62,281120
2015-01-20,1908.62,1918.85,1907.97,1918.31,280894
2015-01-21,1917.33,1921.88,1909.86,1921.23,300843
2015-01-22,1926.01,1932.5,1916.56,1920.82,343131
2015-01-23,1945.36,1945.36,1930.65,1936.09,367702
2015-01-26,1928.26,1936.4,1924.14,1935.68,330607
2015-01-27,1941.9,1952.41,1940.72,1952.4,466961
2015-01-28,1946.71,1963.53,1943.59,1961.58,400930
2015-01-29,1950.83,1960.12,1946.2,1951.02,391034
2015-01-30,1964.13,1964.13,1948.6,1949.26,441477
2015-02-02,1947.91,1956.1,1944.58,1952.68,364831
2015-02-03,1960.11,1960.35,1940.74,1951.96,369978
2015-02-04,1963.37,1970.27,1961.57,1962.79,348031
2015-02-05,1961.15,1962.15,1945.42,1952.84,395652
2015-02-06,1955.13,1955.52,1945.82,1955.52,309817
2015-02-09,1949.5,1952.86,1944.79,1947,310181
2015-02-10,1949.3,1954.2,1935.86,1935.86,329202
2015-02-11,1942.34,1948.89,1937.95,1945.7,307454
2015-02-12,1947.21,1947.47,1932.75,1941.63,334824
2015-02-13,1949.32,1957.5,1946.94,1957.5,351080
2015-02-16,1960.03,1963.44,1955.39,1958.23,350943
2015-02-17,1955.77,1962.97,1952.33,1961.45,304531
2015-02-23,1974.44,1976.96,1966.77,1968.39,347580
2015-02-24,1975.65,1980.38,1972.61,1976.12,309543
2015-02-25,1988.47,1992.03,1984.53,1990.47,369497
2015-02-26,1993.27,1993.43,1983.94,1993.08,385656
2015-02-27,1992.76,1993.34,1982.5,1985.8,424547
2015-03-02,1996.72,1999.13,1988.33,1996.81,373365
2015-03-03,2002.5,2003.05,1995.93,2001.38,444865
2015-03-04,2001.76,2003.85,1996.5,1998.29,374540
2015-03-05,1996.81,2002.48,1993.92,1998.38,373682
2015-03-06,2003.97,2013.73,2003.18,2012.94,393346
2015-03-09,2004.94,2005.81,1990.87,1992.82,296746
2015-03-10,2000.66,2003.19,1982.22,1984.77,433405
2015-03-11,1971.04,1984.6,1969.13,1980.83,399532
2015-03-12,1979.22,1988.77,1970.59,1970.59,384041
2015-03-13,1987.17,1991.87,1982.96,1985.79,326706
2015-03-16,1985.59,1991.79,1982.26,1987.33,319163
2015-03-17,1998.26,2029.91,1997.27,2029.91,356554
2015-03-18,2032.19,2036.13,2026.72,2028.45,362009
2015-03-19,2047.13,2047.13,2031.07,2037.89,468284
2015-03-20,2037.13,2040,2027.81,2037.24,351731
2015-03-23,2043.22,2043.92,2032.35,2036.59,314897
2015-03-24,2035.08,2041.77,2028.54,2041.37,328833
2015-03-25,2043.16,2046.97,2038.14,2042.81,423409
2015-03-26,2027.2,2036.7,2019.51,2022.56,342260
2015-03-27,2026.75,2027.25,2016.88,2019.8,448964
2015-03-30,2026.6,2033.27,2018.12,2030.04,439556
2015-03-31,2042.31,2046.9,2032.24,2041.03,555933
2015-04-01,2035.4,2039.04,2024.64,2028.45,542801
2015-04-02,2036.9,2040.45,2028.22,2029.07,655863
2015-04-03,2035.83,2045.94,2031.27,2045.42,498635
2015-04-06,2049.87,2055.45,2043.26,2046.43,460493
2015-04-07,2059.05,2059.09,2043.79,2047.03,436232
2015-04-08,2048.75,2060.19,2046.09,2059.26,552684
2015-04-09,2060.3,2064.46,2054.17,2058.87,529861
2015-04-10,2066.32,2089.09,2065.39,2087.76,658383
2015-04-13,2094.1,2099.97,2088.82,2098.92,561806
2015-04-14,2101.76,2111.73,2095.97,2111.72,648846
2015-04-15,2114.56,2122.72,2110.25,2119.96,451397
2015-04-16,2134.14,2139.9,2125.54,2139.9,476419
2015-04-17,2142.72,2144.76,2134.1,2143.5,464626
2015-04-20,2126.55,2146.73,2126.55,2146.71,509037
2015-04-21,2153.42,2153.84,2140.12,2144.79,561780
2015-04-22,2146.59,2161.23,2125.88,2143.89,769386
2015-04-23,2156.94,2174.72,2139.33,2173.41,521587
2015-04-24,2181.24,2189.54,2154.27,2159.8,508419
2015-04-27,2169.14,2169.14,2152.09,2157.54,392339
2015-04-28,2162.5,2164.52,2144.85,2147.67,415054
2015-04-29,2155.01,2156.24,2126.36,2142.63,458065
2015-04-30,2134.94,2136.9,2121.29,2127.17,509129
2015-05-04,2134.51,2139.3,2128.72,2132.23,355620
2015-05-06,2122.03,2123.22,2095.6,2104.58,428091
2015-05-07,2098.48,2099.44,2067.99,2091,423246
2015-05-08,2090.19,2094.06,2082.72,2085.52,309504
2015-05-11,2106.12,2110.79,2097.38,2097.38,329704
2015-05-12,2100.63,2101.72,2088.64,2096.77,391923
2015-05-13,2100.1,2115.36,2100.08,2114.16,377032
2015-05-14,2115.59,2121.68,2111.72,2120.33,430832
2015-05-15,2132.53,2134.36,2104.77,2106.5,491705
2015-05-18,2108.15,2113.72,2099.48,2113.72,445154
2015-05-19,2114.29,2126.89,2107.62,2120.85,418479
2015-05-20,2128.01,2140.24,2125.49,2139.54,452114
2015-05-21,2139.68,2140.6,2121.49,2122.81,398146
2015-05-22,2131.11,2146.1,2126.88,2146.1,444585
2015-05-26,2146.47,2148.7,2130.3,2143.5,381383
2015-05-27,2133.49,2134.95,2103.64,2107.5,439029
2015-05-28,2117.77,2123.52,2110.89,2110.89,416116
2015-05-29,2109.38,2123.39,2106.7,2114.8,456143
2015-06-01,2110.12,2110.88,2086,2102.37,426927
2015-06-02,2102.62,2107.17,2076.16,2078.64,520056
2015-06-03,2078.51,2087.95,2059.34,2063.16,541167
2015-06-04,2070.49,2082.6,2062.75,2072.86,400364
2015-06-05,2062.22,2075.02,2060.91,2068.1,394291
2015-06-08,2068.51,2068.51,2056.5,2065.19,393563
2015-06-09,2063.4,2073.75,2057.21,2064.03,421880
2015-06-10,2079.13,2080.03,2049.13,2051.32,427360
2015-06-11,2065.07,2065.07,2051.1,2056.61,457020
2015-06-12,2068.45,2074.78,2044.87,2052.17,388258
2015-06-15,2041.07,2049.68,2033.72,2042.32,313945
2015-06-16,2045.01,2045.77,2008.46,2028.72,381408
2015-06-17,2035.48,2037.12,2021.5,2034.86,354723
2015-06-18,2046.19,2052,2036.78,2041.88,390973
2015-06-19,2056.54,2057.71,2044.71,2046.96,400329
2015-06-22,2059.6,2068.07,2050.3,2055.16,266962
2015-06-23,2071.3,2086.09,2066.21,2081.2,329799
2015-06-24,2086.69,2087.68,2076.78,2085.53,400753
2015-06-25,2077.84,2088.16,2073.95,2085.06,575912
2015-06-26,2083.4,2097.01,2080.79,2090.26,492773
2015-06-29,2056.44,2068.85,2054.33,2060.49,503807
2015-06-30,2054.83,2075.02,2049.44,2074.2,392413
2015-07-01,2077.27,2100.34,2072.54,2097.89,471565
2015-07-02,2107.11,2110.81,2098.76,2107.33,565339
2015-07-03,2107.51,2109.68,2094.02,2104.41,419549
2015-07-06,2076.06,2089.86,2052.23,2053.93,474042
2015-07-07,2067.04,2067.93,2028.98,2040.29,502809
2015-07-08,2045.88,2046.33,2010.83,2016.21,453118
2015-07-09,2000.19,2027.81,1983.78,2027.81,408457
2015-07-10,2036.89,2037.84,2024.76,2031.17,381307
2015-07-13,2033.25,2063.28,2030.21,2061.52,426286
2015-07-14,2070.44,2070.44,2052.21,2059.23,503078
2015-07-15,2068.38,2079.9,2060.66,2072.91,619128
2015-07-16,2073.29,2088.33,2071.02,2087.89,697930
2015-07-17,2101.22,2101.22,2068.36,2076.79,819227
2015-07-20,2077.09,2081.43,2068.19,2073.31,870679
2015-07-21,2082.18,2088.24,2069.21,2083.62,727407
2015-07-22,2071.06,2075.94,2059.45,2064.73,1160824
2015-07-23,2068.93,2069.2,2053.52,2065.07,739793
2015-07-24,2060.66,2060.66,2040.3,2045.96,611868
2015-07-27,2034.82,2048.15,2032.44,2038.81,543243
2015-07-28,2026.33,2045.55,2015.91,2039.1,498527
2015-07-29,2053.62,2055.95,2037.62,2037.62,520572
2015-07-30,2040.24,2044.93,2019.03,2019.03,509318
2015-07-31,2026.98,2030.16,2004.7,2030.16,448192
2015-08-03,2026.25,2026.25,2005.21,2008.49,358746
2015-08-04,2007.75,2027.99,2007.66,2027.99,388790
2015-08-05,2027.22,2035.25,2022.98,2029.76,319211
2015-08-06,2037.26,2038.41,2011.6,2013.29,340506
2015-08-07,2009.39,2012.9,2001.13,2010.23,334578
2015-08-10,2008.44,2008.55,1993.96,2003.17,308327
2015-08-11,2020.15,2021.81,1986.46,1986.65,366407
2015-08-12,1980.04,1989.1,1948.91,1975.47,524252
2015-08-13,1975.47,1990.7,1966.02,1983.46,376591
2015-08-17,1991.05,1991.05,1968.44,1968.52,561574
2015-08-18,1977.61,1979.33,1954.35,1956.26,472766
2015-08-19,1954.56,1959.51,1915.91,1939.38,506786
2015-08-20,1929.43,1933.79,1912.55,1914.55,397527
2015-08-21,1862.79,1886.49,1856.91,1876.07,512313
2015-08-24,1860.03,1872.86,1800.75,1829.81,415178
2015-08-25,1840.94,1864.3,1806.79,1846.63,451586
2015-08-26,1843.7,1895.45,1835.58,1894.09,453386
2015-08-27,1912.42,1920.39,1898.98,1908,482660
2015-08-28,1932.39,1938.61,1927.39,1937.67,446751
2015-08-31,1934.12,1941.49,1925.52,1941.49,350942
2015-09-01,1934.44,1939.67,1914.22,1914.23,324479
2015-09-02,1886.14,1920.62,1883.5,1915.22,342022
2015-09-03,1929.78,1931.19,1911.17,1915.53,297283
2015-09-04,1921.81,1923.06,1879.94,1886.04,361089
2015-09-07,1883.36,1895.99,1870.59,1883.22,288156
2015-09-08,1889.14,1894.56,1868.48,1878.68,391891
2015-09-09,1903.28,1934.2,1902.93,1934.2,516171
2015-09-10,1918.42,1962.11,1915.44,1962.11,460344
2015-09-11,1942.88,1951.26,1939.73,1941.37,503010
2015-09-14,1947.65,1948.02,1921.45,1931.46,362914
2015-09-15,1930.44,1938.9,1927.62,1937.56,390824
2015-09-16,1949.49,1978.68,1949.15,1975.45,584757
2015-09-17,1989.07,1989.07,1972.93,1976.49,510173
2015-09-18,1978.39,1996.47,1964.12,1995.95,523798
2015-09-21,1973.24,1980.8,1960.11,1964.68,376423
2015-09-22,1973.54,1983.99,1966.05,1982.06,696371
2015-09-23,1960.33,1968.16,1944.51,1944.64,856989
2015-09-24,1956.94,1958.73,1944.31,1947.1,921264
2015-09-25,1948.3,1951.94,1932.49,1942.85,796574
2015-09-30,1915.46,1962.84,1915.04,1962.81,546992
2015-10-01,1963.55,1986.01,1958.63,1979.32,678977
2015-10-02,1979.41,1985.57,1969.68,1969.68,1030976
2015-10-05,1981.6,1994.65,1975.55,1978.25,545633
2015-10-06,1996.29,1998.02,1985.17,1990.65,661635
2015-10-07,1995.87,2006.24,1994.55,2005.84,761719
2015-10-08,2016.36,2020.19,1998.66,2019.53,700992
2015-10-12,2022.33,2030.92,2015.43,2021.63,635085
2015-10-13,2021.2,2024.5,2010.16,2019.05,604995
2015-10-14,2014.47,2016.14,2002.63,2009.55,644802
2015-10-15,2008.29,2035.8,2007.46,2033.27,498901
2015-10-16,2037.98,2038.06,2025.19,2030.26,550798
2015-10-19,2032.36,2036.3,2022.25,2030.27,726843
2015-10-20,2031.5,2040.24,2026.67,2039.36,958059
2015-10-21,2039.25,2053.95,2035.59,2042.98,668945
2015-10-22,2040.43,2042.57,2019.53,2023,695813
2015-10-23,2043.67,2054.82,2036.92,2040.4,648998
2015-10-26,2049.41,2049.6,2039.97,2048.08,459949
2015-10-27,2043.52,2045.81,2036.22,2044.65,449155
2015-10-28,2045.67,2045.67,2032.39,2042.51,402200
2015-10-29,2050.97,2064.72,2032.56,2034.16,481349
2015-10-30,2034.78,2038.56,2027.8,2029.47,380671
2015-11-02,2033.15,2036.05,2028.2,2035.24,366381
2015-11-03,2042.6,2053.24,2040.75,2048.4,591736
2015-11-04,2053.51,2056.12,2042.38,2052.77,545085
2015-11-05,2049.3,2050.44,2039.93,2049.41,349079
2015-11-06,2048.17,2055.14,2038.46,2041.07,465030
2015-11-09,2038.59,2038.59,2022.52,2025.7,435389
2015-11-10,2015.45,2015.45,1988.54,1996.59,417457
2015-11-11,1993.81,2001.73,1983.14,1997.27,286567
2015-11-12,1997.32,1998.66,1991.28,1993.36,389444
2015-11-13,1975.97,1981.27,1969.71,1973.29,342313
2015-11-16,1945.68,1956.09,1942.85,1943.02,433426
2015-11-17,1967.36,1974.08,1959.22,1963.58,417559
2015-11-18,1967.25,1973.16,1961.43,1962.88,541860
2015-11-19,1976.94,1988.92,1972.85,1988.91,422517
2015-11-20,1988.96,1993.97,1985.93,1989.86,413655
2015-11-23,1995.92,2008.34,1992.86,2003.7,383231
2015-11-24,2004.29,2019.95,2003.06,2016.29,417004
2015-11-25,2018.24,2018.93,2007.91,2009.42,391646
2015-11-26,2014.88,2033.18,2014.88,2030.68,454457
2015-11-27,2038.71,2038.72,2026.4,2028.99,481950
2015-11-30,2022.38,2022.38,1987.12,1991.97,452865
2015-12-01,2001.51,2026.33,2001.51,2023.93,573342
2015-12-02,2026.08,2026.19,2009.29,2009.29,631315
2015-12-03,2000.2,2000.2,1981.59,1994.07,365870
2015-12-04,1972.16,1983.02,1970.48,1974.4,379466
2015-12-07,1987.62,1988.04,1963.66,1963.67,382132
2015-12-08,1964.22,1971.07,1948.43,1949.04,406175
2015-12-09,1951.39,1956.7,1944.78,1948.24,378094
2015-12-10,1947.21,1956.84,1940.4,1952.07,377848
2015-12-11,1952.82,1961,1943.67,1948.62,380713
2015-12-14,1926.36,1930.4,1919.22,1927.82,439741
2015-12-15,1935.82,1938.04,1925.75,1932.97,434738
2015-12-16,1950.15,1975.63,1950.05,1969.4,475097
2015-12-17,1984.06,1987.83,1967.64,1977.96,379574
2015-12-18,1960.32,1981.42,1958.12,1975.32,677729
2015-12-21,1974.26,1986.66,1968.14,1981.19,539596
2015-12-22,1984.37,1992.72,1971.32,1992.56,577235
2015-12-23,1994.2,2007.42,1989.3,1999.22,502366
2015-12-24,2009.34,2009.99,1990.65,1990.65,504620
2015-12-28,1990.59,1991.19,1964.06,1964.06,396643
2015-12-29,1956.49,1968.57,1946.21,1966.31,401427
2015-12-30,1973.03,1974.67,1958.78,1961.31,304462
2016-01-04,1954.47,1954.52,1918.76,1918.76,359018
2016-01-05,1911.93,1937.57,1911.93,1930.53,446548
2016-01-06,1934.25,1934.25,1911.61,1925.43,594612
2016-01-07,1915.71,1926.41,1901.24,1904.33,393042
2016-01-08,1889.42,1918.25,1883.82,1917.62,430204
2016-01-11,1897.18,1907.43,1892.69,1894.84,328768
2016-01-12,1907.61,1910.59,1888.94,1890.86,295135
2016-01-13,1904.33,1921,1902.49,1916.28,265221
2016-01-14,1893.18,1900.48,1882.02,1900.01,310978
2016-01-15,1915.83,1918.3,1873.35,1878.87,312359
2016-01-18,1856.03,1882.21,1854.55,1878.45,276937
2016-01-19,1879.8,1889.9,1866.76,1889.64,335321
2016-01-20,1885.36,1885.36,1830.06,1845.45,407298
2016-01-21,1848.1,1860.02,1838.04,1840.53,433741
2016-01-22,1860.3,1879.43,1859.54,1879.43,408460
2016-01-25,1890.15,1901.22,1882.74,1893.43,315303
2016-01-26,1881.87,1884.13,1862.98,1871.69,298824
2016-01-27,1888.07,1902.03,1883.39,1897.87,348905
2016-01-28,1885.38,1907.56,1877.78,1906.94,354305
2016-01-29,1905.01,1912.07,1888.48,1912.06,386555
2016-02-01,1919.62,1926.11,1912.85,1924.82,440317
2016-02-02,1914.96,1920.02,1906.06,1906.6,412273
2016-02-03,1893.83,1894.72,1882.75,1890.67,408594
2016-02-04,1900.48,1917.09,1897.18,1916.26,365805
2016-02-05,1914.55,1921.76,1910.31,1917.79,305766
2016-02-11,1872.68,1877.77,1858.9,1861.54,386428
2016-02-12,1850.67,1857.12,1817.97,1835.28,470499
2016-02-15,1857.33,1864.62,1847.6,1862.2,284595
2016-02-16,1870.1,1892.15,1868.11,1888.3,388318
2016-02-17,1889.41,1897.37,1881.03,1883.94,344628
2016-02-18,1909.4,1910.12,1898.49,1908.84,332576
2016-02-19,1904.5,1916.24,1902.24,1916.24,312197
2016-02-22,1911.56,1921.14,1905.85,1916.36,267858
2016-02-23,1928.85,1929.53,1909.79,1914.22,326810
2016-02-24,1908.71,1918.63,1906.19,1912.53,281600
2016-02-25,1919.08,1928.49,1906.99,1918.57,305789
2016-02-26,1927.1,1927.8,1917.07,1920.16,280216
2016-02-29,1921.76,1927.05,1916.66,1916.66,275051
2016-03-02,1944.27,1949.94,1942.24,1947.42,323352
2016-03-03,1957.83,1958.17,1946.57,1958.17,420984
2016-03-04,1956.01,1958.46,1949.47,1955.63,316418
2016-03-07,1961.26,1963.43,1955.97,1957.87,344612
2016-03-08,1958.94,1958.94,1935.55,1946.12,358684
2016-03-09,1940.55,1952.95,1938.32,1952.95,355392
2016-03-10,1958.87,1976.19,1955.67,1969.33,352325
2016-03-11,1968.3,1975.87,1966.65,1971.41,303418
2016-03-14,1985.74,1985.9,1970.56,1972.27,357078
2016-03-15,1975.61,1979.46,1966.44,1969.97,264582
2016-03-16,1971.58,1982.08,1969.66,1974.9,294460
2016-03-17,1984.69,2000.3,1984.33,1987.99,291577
2016-03-18,1996.31,1996.31,1986.04,1992.12,385847
2016-03-21,1999.25,2003.12,1982.7,1989.76,323260
2016-03-22,1993.37,1997.76,1986.87,1996.81,383752
2016-03-23,1996.47,2001.67,1989.84,1995.12,367551
2016-03-24,1988.46,1992.76,1981.17,1985.97,341173
2016-03-25,1991.06,1991.06,1981.53,1983.81,463422
2016-03-28,1984.93,1992.46,1981.37,1982.54,410468
2016-03-29,1986.93,1997.33,1984.07,1994.91,385453
2016-03-30,2005.24,2009.1,1998.51,2002.14,368305
2016-03-31,2005.72,2007.43,1986.74,1995.85,335073
2016-04-01,1994.77,1994.77,1970.17,1973.57,392258
2016-04-04,1974.73,1979.03,1969.35,1978.97,363317
2016-04-05,1972.38,1973.17,1959.26,1962.74,368164
2016-04-06,1963.17,1975.09,1961.51,1971.32,358031
2016-04-07,1978.75,1980.43,1964.99,1973.89,434061
2016-04-08,1961.29,1972.12,1954.11,1972.05,400616
2016-04-11,1972.25,1973.9,1963.21,1970.37,379537
2016-04-12,1970.5,1981.73,1968.5,1981.32,387318
2016-04-14,2004.15,2016.03,2000.83,2015.93,473519
2016-04-15,2013.38,2016.95,2008.68,2014.71,317709
2016-04-18,2001.35,2009.55,1998.49,2009.1,339248
2016-04-19,2015.1,2020.29,2007.68,2011.36,401236
2016-04-20,2017.05,2023.77,2005.82,2005.83,423964
2016-04-21,2014.6,2022.1,2009.45,2022.1,392096
2016-04-22,2014.93,2017.9,2010.94,2015.49,480470
2016-04-25,2016.05,2016.65,2007.18,2014.55,397674
2016-04-26,2013.26,2021.59,2011.85,2019.63,509281
2016-04-27,2019.31,2019.86,2012.75,2015.4,412802
2016-04-28,2020.83,2022.99,1998.6,2000.93,341142
2016-04-29,1998.68,1999.34,1983.3,1994.15,401063
2016-05-02,1991.84,1991.84,1977.03,1978.15,328194
2016-05-03,1988.34,1989.41,1979.66,1986.41,310492
2016-05-04,1978.24,1982.38,1969.22,1976.71,352695
2016-05-09,1974.52,1976.14,1962.92,1967.81,342189
2016-05-10,1965.86,1982.5,1964.9,1982.5,369085
2016-05-11,1989.17,1989.17,1970.48,1980.1,398532
2016-05-12,1973.28,1981.49,1970.54,1977.49,462882
2016-05-13,1979.97,1980.45,1962.77,1966.99,509123
2016-05-16,1961.91,1970.53,1961.32,1967.91,526717
2016-05-17,1973.86,1975.1,1962.57,1968.06,597582
2016-05-18,1962.78,1964.34,1945.56,1956.73,696273
2016-05-19,1953.91,1954.29,1942.48,1946.78,505920
2016-05-20,1943.84,1951.5,1940.36,1947.67,388051
2016-05-23,1954.26,1956.77,1940.44,1955.25,399513
2016-05-24,1951.18,1951.39,1937.67,1937.68,517076
2016-05-25,1953.63,1964.91,1951.17,1960.51,656874
2016-05-26,1965.81,1967.45,1955.97,1957.06,558263
2016-05-27,1962.33,1971.27,1959.75,1969.17,523531
2016-05-30,1969.72,1970.54,1955.49,1967.13,550502
2016-05-31,1962.47,1984.18,1958.16,1983.4,657045
2016-06-01,1976.87,1986.76,1975.82,1982.72,502290
2016-06-02,1983.86,1988,1978.82,1985.11,474228
2016-06-03,1991.58,1991.58,1979.66,1985.84,540858
2016-06-07,1993.08,2011.67,1992.77,2011.63,481348
2016-06-08,2013.72,2027.09,2008.59,2027.08,497934
2016-06-09,2028.02,2035.27,2012.14,2024.17,599680
2016-06-10,2022.77,2022.77,2014.15,2017.63,404303
2016-06-13,2001.03,2001.79,1976.69,1979.06,443001
2016-06-14,1976.8,1982.32,1965.34,1972.03,439936
2016-06-15,1972,1975.87,1960.97,1968.83,376769
2016-06-16,1971.53,1974.01,1944.8,1951.99,438794
2016-06-17,1966.23,1970.54,1949.6,1953.4,485269
2016-06-20,1974.43,1984.07,1969.56,1981.12,391345
2016-06-21,1977.8,1983.87,1971.99,1982.7,557437
2016-06-22,1981.78,1994.76,1979.37,1992.58,407434
2016-06-23,1989.42,1990.71,1980.14,1986.71,455389
2016-06-24,2001.55,2001.55,1892.75,1925.24,750546
2016-06-27,1901.85,1926.87,1900.83,1926.85,394266
2016-06-28,1907.71,1937.99,1907.49,1936.22,373459
2016-06-29,1946.31,1966.21,1941.9,1956.36,451186
2016-06-30,1971.54,1972.81,1959.28,1970.35,349862
2016-07-01,1977.36,1993.98,1975.89,1987.32,448128
2016-07-04,1989.44,1997.37,1985.11,1995.3,468611
2016-07-05,1995.69,1996.77,1985.94,1989.85,405487
2016-07-06,1980.11,1982.8,1944.33,1953.12,457438
2016-07-07,1963.3,1976.49,1959.83,1974.08,378755
2016-07-08,1972.28,1979.75,1956.91,1963.1,356526
2016-07-11,1979.36,1990.95,1977.81,1988.54,337763
2016-07-12,1991.13,1998.03,1986.45,1991.23,432650
2016-07-13,2007.65,2013.6,1995.84,2005.55,357643
2016-07-14,2004.12,2009.67,1997.94,2008.77,340227
2016-07-15,2015.37,2022.34,2011.1,2017.26,477808
2016-07-18,2018.22,2022.11,2012.3,2021.11,380091
2016-07-19,2022.8,2023.22,2010.27,2016.89,380797
2016-07-20,2013.4,2015.47,2003.87,2015.46,316335
2016-07-21,2019.36,2020.55,2007.59,2012.22,391049
2016-07-22,2005.37,2014.44,2002.66,2010.34,320954
2016-07-25,2014.74,2020.69,2006.63,2012.32,350230
2016-07-26,2009.4,2027.34,2008.25,2027.34,338607
2016-07-27,2027.07,2030.69,2021.15,2025.05,411661
2016-07-28,2029.07,2029.38,2014.36,2021.1,350881
2016-07-29,2023.24,2028.99,2016.19,2016.19,366385
2016-08-01,2024.71,2031.58,2024.57,2029.61,369588
2016-08-02,2023.55,2026.1,2017.59,2019.03,409940
2016-08-03,2008.68,2008.68,1993,1994.79,485853
2016-08-04,2006.08,2006.48,1994.73,2000.03,326514
2016-08-05,2006.23,2018.16,2004.37,2017.94,289293
2016-08-08,2025.55,2031.14,2018.81,2031.12,270484
2016-08-09,2033.52,2046.03,2032.18,2043.78,436716
2016-08-10,2043.03,2049.36,2039.86,2044.64,331091
2016-08-11,2042.64,2048.8,2035.25,2048.8,346081
2016-08-12,2053.82,2060.84,2046.15,2050.47,376489
2016-08-16,2056,2063.09,2047.73,2047.76,374872
2016-08-17,2045.37,2048.29,2032.53,2043.75,391714
2016-08-18,2048.15,2056.09,2041.9,2055.47,353080
2016-08-19,2057.9,2059.3,2049.52,2056.24,392318
2016-08-22,2054.37,2054.71,2040.51,2042.16,343502
2016-08-23,2044.27,2051.43,2041.86,2049.93,360414
2016-08-24,2050.82,2052.74,2039.53,2043.76,285183
2016-08-25,2041.58,2046,2035.01,2042.92,277432
2016-08-26,2036.74,2039.91,2027.68,2037.5,288184
2016-08-29,2028.64,2034.63,2024.93,2032.35,316969
2016-08-30,2038.6,2049.99,2036.76,2039.74,378563
2016-08-31,2038.58,2041.17,2027.24,2034.65,400952
2016-09-01,2022.96,2032.72,2016.47,2032.72,300506
2016-09-02,2033.92,2039.18,2030.17,2038.31,342631
2016-09-05,2049.19,2061,2047.49,2060.08,572966
2016-09-06,2058.21,2067.77,2057.26,2066.53,462549
2016-09-07,2068.81,2073.89,2061.88,2061.88,687157
2016-09-08,2064.96,2070.66,2053.2,2063.73,656653
2016-09-09,2048.94,2049.3,2029.46,2037.87,392682
2016-09-12,2003.67,2011.04,1991.47,1991.48,422882
2016-09-13,2011.93,2013.03,1997.58,1999.36,437424
2016-09-19,1997.43,2019.45,1997.1,2015.78,434438
2016-09-20,2014.5,2026.56,2010.25,2025.71,362345
2016-09-21,2022.81,2035.99,2021.78,2035.99,525096
2016-09-22,2050.31,2060.26,2048.8,2049.7,447589
2016-09-23,2053.22,2057.35,2048.96,2054.07,494112
2016-09-26,2052.76,2060.71,2042.7,2047.11,359615
2016-09-27,2037.32,2064.89,2031.13,2062.82,664040
2016-09-28,2062.57,2062.98,2051.68,2053.06,546450
2016-09-29,2063.74,2072.09,2063.74,2068.72,416168
2016-09-30,2054.25,2056.33,2042.77,2043.63,326386
2016-10-04,2056.94,2059.25,2050.46,2054.86,318854
2016-10-05,2043.37,2056.01,2036.87,2053,292345
2016-10-06,2069.3,2070.43,2055.83,2065.3,337709
2016-10-07,2065.95,2067.49,2051.6,2053.8,422446
2016-10-10,2047.19,2058.73,2039.99,2056.82,314895
2016-10-11,2053.29,2060.78,2030.51,2031.93,343215
2016-10-12,2022.97,2037.02,2022.39,2033.73,297373
2016-10-13,2033.99,2035.93,2014.89,2015.44,440255
2016-10-14,2021.66,2028.76,2021.11,2022.66,458904
2016-10-17,2028.93,2033.56,2011.81,2027.61,333402
2016-10-18,2027.81,2040.72,2026.47,2040.43,305931
2016-10-19,2036.18,2050.51,2035.9,2040.94,321940
2016-10-20,2044.12,2048.25,2036.54,2040.6,276001
2016-10-21,2039.4,2040.4,2029.79,2033,260354
2016-10-24,2037.19,2047.74,2036.77,2047.74,252041
2016-10-25,2042.29,2042.65,2031.25,2037.17,299101
2016-10-26,2030.37,2030.37,2002.29,2013.89,392402
2016-10-27,2018.24,2026.33,2015.66,2024.12,298690
2016-10-28,2021.97,2026.85,2015.72,2019.42,270531
2016-10-31,2011.29,2016.01,2005.95,2008.19,400664
2016-11-01,2003.41,2010.51,1990.45,2007.39,321774
2016-11-02,1995.41,1997.46,1976.34,1978.94,333529
2016-11-03,1974.93,1988.82,1973.58,1983.8,272728
2016-11-04,1983.87,1985.29,1976.57,1982.02,227776
2016-11-07,1997.58,2001.74,1992.14,1997.58,210333
2016-11-08,2009.56,2010.17,1994.33,2003.38,239579
2016-11-09,2008.08,2015.23,1931.07,1958.38,709043
2016-11-10,1989.85,2002.6,1983.26,2002.6,433884
2016-11-11,1988.87,1994.05,1982.15,1984.43,386856
2016-11-14,1982.93,1988.65,1974.27,1974.4,352116
2016-11-15,1977.33,1978.94,1967.21,1967.53,375663
2016-11-16,1980.82,1985.67,1976.63,1979.65,306499
2016-11-17,1976.21,1983.87,1968.8,1980.55,272172
2016-11-18,1983.07,1983.26,1968.13,1974.58,306956
2016-11-21,1971.03,1976.23,1962.42,1966.05,223512
2016-11-22,1976.07,1986.82,1974.05,1983.47,231368
2016-11-23,1987.64,1996.65,1981.22,1987.95,308200
2016-11-24,1985.11,1988.96,1968.5,1971.26,235443
2016-11-25,1972.6,1978.45,1969.09,1974.46,201938
2016-11-28,1976.58,1983.43,1966.78,1978.13,213578
2016-11-29,1977.1,1982.53,1972.31,1978.39,214565
2016-11-30,1980.38,1988.44,1977.09,1983.48,233085
2016-12-01,1987.48,1989.08,1979.67,1983.75,217875
2016-12-02,1980.14,1981.64,1966.42,1970.61,243181
2016-12-05,1965.71,1971.24,1960.65,1963.36,237190
2016-12-06,1976.51,1993.47,1976.51,1989.86,214649
2016-12-07,1995.69,1997.62,1987.26,1991.89,204410
2016-12-08,2008.31,2031.07,2007.57,2031.07,239428
2016-12-09,2024.52,2026.83,2019.79,2024.69,225657
2016-12-12,2031.95,2031.95,2020.97,2027.24,289804
2016-12-13,2026.39,2035.99,2023.61,2035.98,383364
2016-12-14,2043.07,2044.42,2031.18,2036.87,384033
2016-12-15,2022.14,2040.62,2021.76,2036.65,300190
2016-12-16,2037.35,2043.6,2033.23,2042.24,289708
2016-12-19,2039.4,2046.03,2037.04,2038.39,249870
2016-12-20,2044.87,2047.38,2040.81,2041.94,314221
2016-12-21,2049.47,2053.46,2037.96,2037.96,284570
2016-12-22,2041.61,2042.9,2033.99,2035.73,275096
2016-12-23,2036.17,2037.71,2031.54,2035.9,310882
2016-12-26,2038.33,2039.76,2034.8,2037.75,366636
2016-12-27,2040.74,2044.43,2037.12,2042.17,384033
2016-12-28,2021.86,2029.69,2020.86,2024.49,356590
2016-12-29,2020.42,2026.57,2016.25,2026.46,264521
2017-01-02,2022.23,2031.79,2015.68,2026.16,229874
2017-01-03,2034.31,2044.07,2028.47,2043.97,268127
2017-01-04,2046.29,2046.29,2040.61,2045.64,371488
2017-01-05,2045.52,2046.5,2039.49,2041.95,541343
2017-01-06,2048.11,2051.84,2045.66,2049.12,455350
2017-01-09,2053.18,2053.18,2046.47,2048.78,398291
2017-01-10,2043.3,2046.78,2039.5,2045.12,512663
2017-01-11,2048.08,2079.7,2047.56,2075.17,335531
2017-01-12,2077.69,2087.14,2073.89,2087.14,555841
2017-01-13,2077.12,2080.94,2073.44,2076.79,518284
2017-01-16,2077.03,2080.05,2058.93,2064.17,683931
2017-01-17,2067.52,2078.8,2065.53,2071.87,601435
2017-01-18,2073.77,2075.23,2058.35,2070.54,530133
2017-01-19,2085.61,2091.02,2065.03,2072.79,415668
2017-01-20,2065.54,2072.32,2064,2065.61,392647
2017-01-23,2067.62,2073.8,2058.91,2065.99,444862
2017-01-24,2070.22,2072.66,2058.59,2065.76,312411
2017-01-25,2075.33,2077.72,2062.96,2066.94,311770
2017-01-26,2074.77,2088.6,2068.5,2083.59,257921
2017-01-31,2077.66,2079.97,2067.57,2067.57,288275
2017-02-01,2075.31,2082.7,2073.97,2080.48,452528
2017-02-02,2080.23,2092.45,2067.76,2071.01,825477
2017-02-03,2075.9,2079.85,2064.05,2073.16,392584
2017-02-06,2085.73,2088.37,2073.03,2077.66,315315
2017-02-07,2077.8,2079.23,2071.05,2075.21,271809
2017-02-08,2072.58,2072.58,2052.29,2065.08,266722
2017-02-09,2067.15,2072.69,2062.12,2065.88,236008
2017-02-10,2075.8,2080.74,2072.23,2075.08,314676
2017-02-13,2074.94,2078.66,2070.36,2078.65,289684
2017-02-14,2079.3,2081.59,2068.16,2074.57,332365
2017-02-15,2073.6,2087.69,2069.89,2083.86,338044
2017-02-16,2088.09,2092.59,2078.35,2081.84,330466
2017-02-17,2072.57,2081.18,2072.57,2080.58,301517
2017-02-20,2084.16,2085.59,2077.13,2084.39,297203
2017-02-21,2085.97,2108.48,2085,2102.93,292539
2017-02-22,2106.42,2108.98,2101.56,2106.61,312219
2017-02-23,2106.15,2108.99,2103.11,2107.63,430850
2017-02-24,2106.43,2107.83,2090.05,2094.12,385394
2017-02-27,2095.47,2097.24,2084.08,2085.52,343702
2017-02-28,2087.26,2094.41,2084.36,2091.64,399821
2017-03-02,2105.19,2112.58,2096.31,2102.65,434713
2017-03-03,2090.92,2091.59,2072.09,2078.75,425935
2017-03-06,2073.2,2083.8,2067.68,2081.36,431445
2017-03-07,2080.77,2096.79,2079.16,2094.05,277830
2017-03-08,2092.27,2101.56,2088.19,2095.41,381441
2017-03-09,2098.29,2100.08,2090.73,2091.06,408229
2017-03-10,2088.67,2102.05,2082.31,2097.35,500860
2017-03-13,2102.37,2122.88,2100.91,2117.59,382129
2017-03-14,2127.12,2135.5,2124.42,2133.78,365074
2017-03-15,2128.42,2135.38,2127.26,2133,374699
2017-03-16,2154.98,2156.85,2143.01,2150.08,402424
2017-03-17,2150.47,2164.59,2148.86,2164.58,302788
2017-03-20,2160.32,2160.57,2151.51,2157.01,264946
2017-03-21,2162.95,2181.99,2160.25,2178.38,303940
2017-03-22,2159.97,2170,2158.96,2168.3,394425
2017-03-23,2174.09,2182.42,2170.56,2172.72,358607
2017-03-24,2171.36,2179.34,2163.34,2168.95,358673
2017-03-27,2161.17,2165.25,2153.14,2155.66,395862
2017-03-28,2166.58,2169.14,2157.71,2163.31,393970
2017-03-29,2172.31,2172.31,2162.04,2166.98,626792
2017-03-30,2170.18,2174.16,2159.16,2164.64,643563
2017-03-31,2166.62,2166.93,2159.8,2160.23,441640
2017-04-03,2166.04,2171.33,2161.26,2167.51,398513
2017-04-04,2165.23,2166.94,2156.89,2161.1,522093
2017-04-05,2161.9,2164.85,2146.98,2160.85,571691
2017-04-06,2152.64,2153.83,2143.3,2152.75,510164
2017-04-07,2154.87,2155.7,2142.51,2151.73,408456
2017-04-10,2148.83,2148.83,2128.35,2133.32,512916
2017-04-11,2129.23,2136.55,2117.82,2123.85,489309
2017-04-12,2128.17,2129.82,2122.94,2128.91,427358
2017-04-13,2130.64,2148.61,2125.87,2148.61,357582
2017-04-14,2138.28,2141.61,2127.8,2134.88,383688
2017-04-17,2140.87,2150.7,2138.7,2145.76,259303
2017-04-18,2155.36,2155.36,2139.31,2148.46,291399
2017-04-19,2144.98,2148.03,2133.82,2138.4,344221
2017-04-20,2138.19,2150.43,2134.05,2149.15,268315
2017-04-21,2161.24,2169.46,2156.64,2165.04,281540
2017-04-24,2175.5,2177.89,2166.83,2173.74,374713
2017-04-25,2175.7,2196.85,2174.11,2196.85,275897
2017-04-26,2202.37,2210.61,2200.73,2207.84,397525
2017-04-27,2201.72,2211.59,2199.76,2209.46,386106
2017-04-28,2214.36,2217.04,2202.2,2205.44,268642
2017-05-02,2213.61,2229.74,2212.87,2219.67,295139
2017-05-04,2224.91,2241.24,2224.91,2241.24,261918
2017-05-08,2245.61,2292.76,2244.23,2292.76,281761
2017-05-10,2294.1,2323.22,2264.31,2270.12,422888
2017-05-11,2278.47,2297.67,2271.66,2296.37,463460
2017-05-12,2296.06,2296.51,2283.38,2286.02,335337
2017-05-15,2288.23,2297.31,2280.6,2290.65,251594
2017-05-16,2306.73,2309,2283.84,2295.33,368138
2017-05-17,2291.56,2295.87,2283.01,2293.08,394821
2017-05-18,2271.27,2288.85,2267.08,2286.82,378315
2017-05-19,2286.78,2293.82,2282.13,2288.48,421133
2017-05-22,2300.68,2305.21,2292.95,2304.03,340061
2017-05-23,2308.69,2326.57,2303.15,2311.74,341085
2017-05-24,2319.37,2322.54,2312.93,2317.34,409559
2017-05-25,2325.49,2343.72,2321.26,2342.93,369280
2017-05-26,2344.39,2364.8,2341.61,2355.3,312902
2017-05-29,2362.59,2371.67,2344.25,2352.97,316177
2017-05-30,2356.54,2358.69,2332.16,2343.68,508844
2017-05-31,2339.25,2355.23,2338.25,2347.38,555939
2017-06-01,2348.31,2351.31,2335.63,2344.61,336690
2017-06-02,2353.77,2372.65,2353.45,2371.72,399499
2017-06-05,2376.66,2376.83,2363.61,2368.62,326411
2017-06-07,2364.96,2369.43,2356.71,2360.14,376207
2017-06-08,2361.64,2365.52,2347.62,2363.57,417080
2017-06-09,2371.22,2385.15,2367.81,2381.69,520558
2017-06-12,2370.69,2374.7,2353.35,2357.87,327233
2017-06-13,2358.92,2375.81,2358.92,2374.7,322081
2017-06-14,2384.54,2387.29,2366.92,2372.64,392997
2017-06-15,2373.36,2378.04,2350.37,2361.65,334886
2017-06-16,2364.2,2365.37,2355.29,2361.83,329179
2017-06-19,2364.02,2377.2,2356.84,2370.9,290944
2017-06-20,2382.54,2382.54,2365.45,2369.23,360733
2017-06-21,2358.23,2359.97,2346.19,2357.53,360344
2017-06-22,2364.22,2370.39,2354.1,2370.37,299232
2017-06-23,2371.54,2380.94,2369.17,2378.6,256259
2017-06-26,2381.09,2390.7,2377.88,2388.66,325674
2017-06-27,2386.76,2397.14,2383.47,2391.95,358034
2017-06-28,2382.91,2390.89,2380.75,2382.56,361176
2017-06-29,2396.81,2402.8,2393.57,2395.66,445131
2017-06-30,2382.15,2391.81,2381.4,2391.79,343529
2017-07-03,2397.66,2399.9,2384.55,2394.48,310991
2017-07-04,2395.24,2398.02,2376.41,2380.52,411776
2017-07-05,2377.01,2390.29,2375.63,2388.35,333721
2017-07-06,2390.31,2392.5,2380.82,2387.81,301472
2017-07-07,2376.29,2385.02,2372.83,2379.87,314370
2017-07-10,2386.3,2389.87,2378.04,2382.1,296262
2017-07-11,2386.42,2396.46,2382.69,2396,284462
2017-07-12,2395.41,2399.28,2390.45,2391.77,268926
2017-07-13,2405.76,2422.26,2402.92,2409.49,289260
2017-07-14,2418.27,2421.48,2411.34,2414.63,258765
2017-07-17,2427.76,2430.34,2419.91,2425.1,254205
2017-07-18,2425.07,2426.16,2419.17,2426.04,260661
2017-07-19,2430.09,2430.09,2419.64,2429.94,270965
2017-07-20,2436.06,2443.69,2427.95,2441.84,251916
2017-07-21,2438.78,2451.59,2437.84,2450.06,250131
2017-07-24,2451.41,2451.53,2443.65,2451.53,233407
2017-07-25,2450.76,2453.17,2437.14,2439.9,275199
2017-07-26,2446.82,2446.96,2429.62,2434.51,336108
2017-07-27,2443.28,2448.24,2435.49,2443.24,426497
2017-07-28,2433.46,2434.38,2399.06,2400.99,318651
2017-07-31,2392.02,2403.9,2388.39,2402.71,277570
2017-08-01,2397.12,2432.62,2394.27,2422.96,264036
2017-08-02,2431.94,2434.47,2424.18,2427.63,261569
2017-08-03,2423.21,2423.55,2374.11,2386.85,303575
2017-08-04,2389.74,2400.33,2383.45,2395.45,273565
2017-08-07,2402.57,2412.13,2395.74,2398.75,244123
2017-08-08,2404.68,2410.22,2383.94,2394.73,252853
2017-08-09,2379.7,2387.53,2366.33,2368.39,234073
2017-08-10,2360.95,2371.5,2339.06,2359.47,283873
2017-08-11,2323.06,2335.12,2310.2,2319.71,318581
2017-08-14,2336.02,2341.78,2327.8,2334.22,214025
2017-08-16,2355.74,2358.46,2343.72,2348.26,270520
2017-08-17,2351.61,2364.5,2346.74,2361.67,255766
2017-08-18,2340.19,2362.43,2340.19,2358.37,201479
2017-08-21,2363.38,2363.38,2351.96,2355,207225
2017-08-22,2360.29,2369.02,2359.97,2365.33,251864
2017-08-23,2376.53,2379.59,2360.71,2366.4,228615
2017-08-24,2370.12,2382.72,2368.29,2375.84,295530
2017-08-25,2381.47,2384.59,2372.67,2378.51,341960
2017-08-28,2376.38,2383.46,2366.23,2370.3,226868
2017-08-29,2356.2,2364.74,2332.85,2364.74,223089
2017-08-30,2368.13,2372.29,2363.43,2372.29,305636
2017-08-31,2373.96,2377.02,2355.29,2363.19,265050
2017-09-01,2367.45,2370.25,2351.37,2357.69,280059
2017-09-04,2316.89,2344.82,2316.89,2329.65,248494
2017-09-05,2340.62,2340.62,2319.94,2326.62,320428
2017-09-06,2324.84,2325.56,2314.31,2319.82,252681
2017-09-07,2328.94,2349.79,2328.92,2346.19,277036
2017-09-08,2350.19,2351.73,2340.63,2343.72,214592
2017-09-11,2354.86,2369.72,2354.35,2359.08,243612
2017-09-12,2372.02,2372.45,2359.12,2365.47,333573
2017-09-13,2370.54,2373.61,2360.17,2360.18,318871
2017-09-14,2365.54,2377.66,2358.43,2377.66,314262
2017-09-15,2368.44,2386.07,2365.37,2386.07,298738
2017-09-18,2390.58,2418.24,2389.65,2418.21,273477
2017-09-19,2419.3,2422.05,2411.68,2416.05,254585
2017-09-20,2420.82,2429.12,2405.78,2412.2,303285
2017-09-21,2412.01,2415.13,2401.89,2406.5,335339
2017-09-22,2404.35,2409.3,2381.81,2388.71,333616
2017-09-25,2388.77,2392.44,2374.69,2380.4,339345
2017-09-26,2371.62,2381.31,2365.34,2374.32,319124
2017-09-27,2376.89,2377.18,2368.92,2372.57,202618
2017-09-28,2374.1,2379.54,2365.67,2373.14,194772
2017-09-29,2378.66,2394.47,2378.66,2394.47,184191
2017-10-10,2425.63,2443.2,2421.1,2433.81,221744
2017-10-11,2442.49,2458.16,2439.81,2458.16,201771
2017-10-12,2461.7,2474.76,2459.48,2474.76,256211
2017-10-13,2473.65,2479.73,2468.14,2473.62,234800
2017-10-16,2483.17,2487.71,2470.24,2480.05,224414
2017-10-17,2484.96,2487.88,2478.76,2484.37,199049
2017-10-18,2481.53,2490.58,2475.67,2482.91,244245
2017-10-19,2485.72,2490.94,2468.67,2473.06,236625
2017-10-20,2477.3,2489.54,2476.88,2489.54,313210
2017-10-23,2497.65,2500.33,2485.48,2490.05,274201
2017-10-24,2489.31,2497.35,2487.17,2490.49,232007
2017-10-25,2495.87,2497.41,2481.48,2492.5,599434
2017-10-26,2489.6,2495.99,2480.63,2480.63,646882
2017-10-27,2485.44,2499.15,2479.67,2496.63,511225
2017-10-30,2513.87,2513.87,2497.42,2501.93,342006
2017-10-31,2500.21,2528.32,2498.05,2523.43,313787
2017-11-01,2535.97,2556.47,2535.83,2556.47,361796
2017-11-02,2560.34,2561.63,2542.02,2546.36,527727
2017-11-03,2558.37,2558.37,2539.72,2557.97,292766
2017-11-06,2557.29,2559.9,2529.94,2549.41,221187
2017-11-07,2548.3,2554.13,2540.67,2545.44,253921
2017-11-08,2534.48,2558.74,2533.73,2552.4,277039
2017-11-09,2559.93,2559.93,2536.54,2550.57,293539
2017-11-10,2541.18,2547.61,2534.6,2542.95,291525
2017-11-13,2548.27,2552.28,2527.2,2530.35,266530
2017-11-14,2532.55,2532.95,2520.99,2526.64,287771
2017-11-15,2525.6,2526.61,2511.76,2518.25,398215
2017-11-16,2522.42,2538.28,2514.51,2534.79,302931
2017-11-17,2546.05,2559.1,2533.99,2533.99,362192
2017-11-20,2536.8,2542.62,2523.52,2527.67,404259
2017-11-21,2533.85,2539.88,2525.96,2530.7,484887
2017-11-22,2546.61,2553.22,2535.19,2540.51,485670
2017-11-23,2542.34,2544.58,2532.45,2537.15,391292
2017-11-24,2539.79,2544.33,2533.98,2544.33,297938
2017-11-27,2544.74,2546.71,2506.69,2507.81,284887
2017-11-28,2512.52,2521.06,2500.93,2514.19,348243
2017-11-29,2517.26,2524.41,2508.66,2512.9,301208
2017-11-30,2502.22,2506.32,2474.28,2476.37,339022
2017-12-01,2488.92,2488.92,2472.75,2475.41,288567
2017-12-04,2486.72,2501.67,2476.29,2501.67,323846
2017-12-05,2490.73,2513.68,2487.15,2510.12,395429
2017-12-06,2510.19,2510.47,2474.29,2474.37,507624
2017-12-07,2479.55,2480.85,2452.4,2461.98,404853
2017-12-08,2470.09,2473.17,2459.02,2464,406381
2017-12-11,2467.81,2471.99,2457.98,2471.49,240137
2017-12-12,2471.23,2471.43,2455.39,2461,281191
2017-12-13,2462.42,2481.92,2457.7,2480.55,254953
2017-12-14,2486.57,2514.61,2469.48,2469.48,317786
2017-12-15,2488.39,2495.08,2475.99,2482.07,340758
2017-12-18,2488.83,2488.83,2477.29,2481.88,324358
2017-12-19,2487.83,2498.67,2470.49,2478.53,308390
2017-12-20,2473.82,2484.5,2470.62,2472.37,236176
2017-12-21,2471.34,2471.73,2429.83,2429.83,247330
2017-12-22,2437.59,2444.57,2426.94,2440.54,230412
2017-12-26,2447.67,2457.19,2427.34,2427.34,224640
2017-12-27,2420.86,2436.68,2411.48,2436.67,194850
2017-12-28,2439.31,2467.51,2437.26,2467.49,220336
2018-01-02,2474.86,2481.02,2465.94,2479.65,262205
2018-01-03,2484.63,2493.4,2481.91,2486.35,331094
2018-01-04,2502.5,2502.5,2466.45,2466.46,333836
2018-01-05,2476.85,2497.52,2475.51,2497.52,308769
2018-01-08,2510.7,2515.37,2494.18,2513.28,311429
2018-01-09,2510.73,2524.73,2498.41,2510.23,374322
2018-01-10,2516.33,2516.82,2493.98,2499.75,444022
2018-01-11,2496.86,2502.52,2483.82,2487.91,444340
2018-01-12,2499.87,2500.87,2482.15,2496.42,438775
2018-01-15,2510.97,2513.3,2496.18,2503.73,404550
2018-01-16,2504.16,2524.55,2498.55,2521.74,341606
2018-01-17,2517.19,2521.97,2506.49,2515.43,336712
2018-01-18,2527.67,2532.08,2512.69,2515.81,333112
2018-01-19,2519.67,2524.33,2513.09,2520.26,351845
2018-01-22,2516.9,2517.12,2488.44,2502.11,342994
2018-01-23,2510.35,2536.6,2507.96,2536.6,370007
2018-01-24,2533.86,2547.22,2531.31,2538,371087
2018-01-25,2536.96,2564.43,2536.73,2562.23,514605
2018-01-26,2560.69,2574.76,2553.53,2574.76,400648
2018-01-29,2588.87,2607.1,2587.55,2598.19,437474
2018-01-30,2590.41,2599.17,2567.07,2567.74,397038
2018-01-31,2557.37,2597.14,2553.01,2566.46,403051
2018-02-01,2578.91,2583.74,2564.59,2568.54,595147
2018-02-02,2565.99,2565.99,2519.6,2525.39,481817
2018-02-05,2487.34,2503.99,2476.24,2491.75,442349
2018-02-06,2437.02,2460.28,2409.38,2453.31,582836
2018-02-07,2483.72,2484.18,2396.56,2396.56,460075
2018-02-08,2400.17,2423.88,2393.46,2407.62,362415
2018-02-09,2346.73,2372.9,2346.73,2363.77,489112
2018-02-12,2380.49,2397.9,2367.31,2385.38,352288
2018-02-13,2402.89,2421.8,2388.54,2395.19,423415
2018-02-14,2412.47,2426.63,2408.02,2421.83,305739
2018-02-19,2452.52,2455.12,2428.15,2442.82,322137
2018-02-20,2433.35,2438.48,2411.23,2415.12,421485
2018-02-21,2417.73,2432.45,2404.02,2429.65,432275
2018-02-22,2417.18,2422.62,2405.23,2414.28,349492
2018-02-23,2427.13,2451.52,2427.13,2451.52,300578
2018-02-26,2465.35,2466.08,2447.86,2457.65,321259
2018-02-27,2474.08,2480.79,2456.14,2456.14,271231
2018-02-28,2447.11,2460.12,2426.21,2427.36,367556
2018-03-02,2406.57,2410.34,2387.25,2402.16,320397
2018-03-05,2405.92,2407.98,2374.8,2375.06,312254
2018-03-06,2400.67,2413.01,2392.87,2411.41,400110
2018-03-07,2413.39,2429.43,2395.24,2401.82,412971
2018-03-08,2420.67,2433.08,2407.59,2433.08,394848
2018-03-09,2443.43,2476.43,2436.03,2459.45,437265
2018-03-12,2485.64,2489.46,2474.91,2484.12,391303
2018-03-13,2483.05,2494.49,2478.76,2494.49,350203
2018-03-14,2477.43,2486.98,2474.77,2486.08,360865
2018-03-15,2486,2496.51,2471.04,2492.38,344009
2018-03-16,2495.11,2497.8,2476.88,2493.97,377766
2018-03-19,2491.99,2493.56,2470.91,2475.03,477219
2018-03-20,2456.8,2485.52,2456.8,2485.52,291495
2018-03-21,2488.22,2492.88,2483.78,2484.97,399073
2018-03-22,2494.84,2508.71,2485.34,2496.02,482138
2018-03-23,2446.73,2450.4,2412.62,2416.76,457952
2018-03-26,2414.68,2437.08,2399.44,2437.08,306904
2018-03-27,2455,2456.55,2444.92,2452.06,332128
2018-03-28,2425.94,2430.77,2409.47,2419.29,501307
2018-03-29,2421.7,2439.47,2413.71,2436.37,333359
2018-03-30,2454.1,2458.24,2445.72,2445.85,395329
2018-04-02,2454.72,2467.52,2440.89,2444.16,390319
2018-04-03,2422.26,2442.43,2416.44,2442.43,497140
2018-04-04,2447.97,2447.97,2405.91,2408.06,551703
2018-04-05,2426.92,2446.78,2420.92,2437.52,591042
2018-04-06,2420.88,2433.97,2417.24,2429.58,454309
2018-04-09,2424.15,2446.28,2424.15,2444.08,334424
2018-04-10,2439.94,2454.36,2419.55,2450.74,356390
2018-04-11,2456.53,2458.99,2441.2,2444.22,355187
2018-04-12,2450.95,2454.95,2441.58,2442.71,441568
2018-04-13,2449.42,2457.85,2442.35,2455.07,395886
2018-04-16,2466.04,2466.16,2449.97,2457.49,347173
2018-04-17,2459.39,2465.63,2449.08,2453.77,394700
2018-04-18,2467.55,2486.73,2467.55,2479.98,647285
2018-04-19,2483.26,2490.57,2476.51,2486.1,727030
2018-04-20,2478.59,2485.15,2472.37,2476.33,531718
2018-04-23,2473.7,2478.57,2466.57,2474.11,701423
2018-04-24,2478.47,2479.32,2454.44,2464.14,524280
2018-04-25,2444.19,2453.54,2436.51,2448.81,466095
2018-04-26,2460.62,2484.09,2456.2,2475.64,520917
2018-04-27,2497.75,2508.13,2484.19,2492.4,464957
2018-04-30,2502.29,2515.38,2500.22,2515.38,746291
2018-05-02,2515.75,2516.57,2501.71,2505.61,807588
2018-05-03,2506.94,2507.91,2487.25,2487.25,614102
2018-05-04,2486.47,2487.77,2461.38,2461.38,612024
2018-05-08,2468.45,2479.75,2444.08,2449.81,714734
2018-05-09,2450.71,2451.86,2428.79,2443.98,593365
2018-05-10,2458.67,2464.72,2448.01,2464.16,490004
2018-05-11,2469.3,2483.85,2468.41,2477.71,599900
2018-05-14,2482.97,2486.17,2471.91,2476.11,650707
2018-05-15,2476.87,2480.22,2456.2,2458.54,712619
2018-05-16,2446.64,2465.55,2444.67,2459.82,691813
2018-05-17,2468.72,2472.82,2448.43,2448.45,596771
2018-05-18,2459.73,2461.95,2452.34,2460.65,431376
2018-05-21,2464.07,2472.3,2447.69,2465.57,588088
2018-05-23,2462.98,2476.86,2460.07,2471.91,752675
2018-05-24,2477.48,2481.31,2457.84,2466.01,638125
2018-05-25,2452.8,2466.57,2444.77,2460.8,653592
2018-05-28,2465,2482.4,2463.14,2478.96,708362
2018-05-29,2476.7,2479.68,2457.18,2457.25,571836
2018-05-30,2446.81,2449.88,2399.58,2409.03,575922
2018-05-31,2428.83,2430.15,2415.5,2423.01,816930
2018-06-01,2419.63,2445.31,2418.11,2438.96,603023
2018-06-04,2444.62,2452.67,2441.25,2447.76,438929
2018-06-05,2450.39,2455.78,2432.81,2453.76,501363
2018-06-07,2468.26,2478.67,2466.01,2470.58,474146
2018-06-08,2467.88,2468.27,2449.11,2451.58,530159
2018-06-11,2454.25,2470.99,2448,2470.15,427946
2018-06-12,2474.78,2479.56,2462.84,2468.83,613166
2018-06-14,2450.86,2451.95,2422.37,2423.48,533448
2018-06-15,2432.18,2433.51,2403.97,2404.04,502361
2018-06-18,2404.68,2405.56,2365.31,2376.24,564818
2018-06-19,2373.12,2379.49,2336.54,2340.11,606304
2018-06-20,2350.24,2374.52,2345.22,2363.91,456004
2018-06-21,2364.16,2370.58,2337.83,2337.83,438264
2018-06-22,2323.08,2357.4,2320.76,2357.22,537263
2018-06-25,2351.89,2361.39,2337.22,2357.88,415079
2018-06-26,2334.75,2358.01,2326.61,2350.92,470914
2018-06-27,2349.38,2358.71,2342.02,2342.03,526625
2018-06-28,2327.37,2335.35,2310.8,2314.24,414370
2018-06-29,2325.68,2329.58,2296.39,2326.13,396663
2018-07-02,2322.23,2327.59,2271.53,2271.54,393265
2018-07-03,2285.88,2287.39,2252.36,2272.76,366027
2018-07-04,2270.95,2280.81,2261.34,2265.46,315103
2018-07-05,2264.74,2274.74,2243.9,2257.55,346883
2018-07-06,2261.44,2283.75,2247.35,2272.87,344433
2018-07-09,2276.92,2294.61,2267.25,2285.8,352638
2018-07-10,2299.09,2305.84,2292.13,2294.16,339918
2018-07-11,2277.22,2287.08,2262.77,2280.62,422988
2018-07-12,2285.93,2298.56,2277.73,2285.06,364407
2018-07-13,2293.07,2313.8,2293.07,2310.9,291562
2018-07-16,2312.26,2317.84,2299.79,2301.99,297122
2018-07-17,2302.95,2306.07,2290.24,2297.92,379033
2018-07-18,2313.78,2319.39,2287.1,2290.11,402771
2018-07-19,2298.91,2300.18,2278.94,2282.29,464516
2018-07-20,2281.36,2293.34,2269.55,2289.19,353236
2018-07-23,2289.61,2289.61,2264.42,2269.31,334290
2018-07-24,2273.15,2284.43,2263.13,2280.2,436133
2018-07-25,2284.38,2292.61,2269.67,2273.03,309319
2018-07-26,2284.51,2297.16,2276.54,2289.06,303334
2018-07-27,2292.33,2295.27,2284.44,2294.99,262143
2018-07-30,2290.18,2296.91,2283.29,2293.51,206497
2018-07-31,2292.23,2296.6,2286.02,2295.26,223927
2018-08-01,2301.17,2312.65,2301.13,2307.07,219034
2018-08-02,2304.14,2306.72,2265.46,2270.2,352056
2018-08-03,2278.33,2288.93,2272.94,2287.68,270494
2018-08-06,2288.51,2300.38,2283.26,2286.5,244548
2018-08-07,2290.85,2301.27,2279.55,2300.16,230339
2018-08-08,2305.73,2308.6,2298.41,2301.45,299691
2018-08-09,2303.04,2303.71,2291.91,2303.71,244882
2018-08-10,2295.21,2295.62,2277.89,2282.79,286161
2018-08-13,2266.43,2271.82,2238.55,2248.45,335380
2018-08-14,2249.86,2262.52,2247.37,2258.91,255216
2018-08-16,2233.05,2244.08,2218.09,2240.8,312519
2018-08-17,2244.61,2250.92,2240.14,2247.05,238377
2018-08-20,2257.35,2264.42,2245.06,2247.88,271600
2018-08-21,2248.04,2272.86,2244.59,2270.06,294337
2018-08-22,2273.68,2280.31,2268.91,2273.33,269270
2018-08-23,2282.57,2282.88,2268.06,2282.6,338386
2018-08-24,2276.16,2295.22,2271.35,2293.21,347291
2018-08-27,2297.32,2302.87,2289.41,2299.3,307044
2018-08-28,2312.14,2314.6,2299.45,2303.12,276889
2018-08-29,2304.66,2309.88,2300.21,2309.03,268214
2018-08-30,2313.11,2320.85,2305.46,2307.35,286926
2018-08-31,2298.13,2322.88,2295.72,2322.88,255908
2018-09-03,2317.93,2318.72,2302.17,2307.03,230513
2018-09-04,2308.96,2317.74,2302.17,2315.72,277014
2018-09-05,2310.9,2315.43,2288.01,2291.77,358187
2018-09-06,2288.8,2298.47,2284.5,2287.61,387510
2018-09-07,2278.08,2286.82,2264.9,2281.58,357560
2018-09-10,2277.35,2289.38,2276.6,2288.66,312612
2018-09-11,2286.91,2295.76,2275.13,2283.2,368210
2018-09-12,2286.28,2289.66,2271,2282.92,336830
2018-09-13,2285.28,2291.51,2281.63,2286.23,301308
2018-09-14,2304.7,2318.65,2304.15,2318.25,292236
2018-09-17,2314.55,2314.55,2295.26,2303.01,343167
2018-09-18,2287.73,2310.97,2287.42,2308.98,309235
2018-09-19,2319.22,2319.22,2301.79,2308.46,350949
2018-09-20,2314.41,2334.04,2311.56,2323.45,289085
2018-09-21,2332.04,2339.17,2325.12,2339.17,321703
2018-09-27,2331.7,2355.43,2331.7,2355.43,279230
2018-09-28,2356.13,2356.62,2337.47,2343.07,317870
2018-10-01,2349.64,2352.11,2333.32,2338.88,278310
2018-10-02,2338.28,2341.55,2308.9,2309.57,287868
2018-10-04,2311.06,2311.06,2270.22,2274.49,309502
2018-10-05,2269.94,2278.12,2250.99,2267.52,282139
2018-10-08,2258.73,2273.71,2253.83,2253.83,214644
2018-10-10,2256.03,2257.52,2222.95,2228.61,365683
2018-10-11,2176.16,2186.69,2129.67,2129.67,411919
2018-10-12,2131.66,2173.01,2129.13,2161.85,292573
2018-10-15,2155.34,2159.23,2141.28,2145.12,259176
2018-10-16,2156,2161.76,2140.19,2145.12,222512
2018-10-17,2169.44,2182.77,2159.37,2167.51,275159
2018-10-18,2158.8,2168.01,2146.61,2148.31,321762
2018-10-19,2130.06,2158.78,2117.62,2156.26,351771
2018-10-22,2143.08,2163.21,2136.92,2161.71,308740
2018-10-23,2147.3,2148.8,2094.69,2106.1,373468
2018-10-24,2119.19,2121.36,2092.1,2097.58,399734
2018-10-25,2046.67,2066.06,2033.81,2063.3,376014
2018-10-26,2066.57,2066.57,2008.86,2027.15,449197
2018-10-29,2026.68,2045.76,1993.77,1996.05,427304
2018-10-30,1985.95,2028.84,1985.95,2014.69,441585
2018-10-31,2022.84,2030.5,2006.63,2029.69,373027
2018-11-01,2035.11,2054.22,2023.43,2024.46,343813
2018-11-02,2046.61,2096.63,2044.94,2096,371978
2018-11-05,2079.81,2080.49,2052.67,2076.92,361302
2018-11-06,2085.81,2092.61,2068.59,2089.62,315816
2018-11-07,2090.32,2107.63,2072.48,2078.69,485225
2018-11-08,2109.97,2120.88,2092.36,2092.63,328034
2018-11-09,2093.89,2101.92,2082.47,2086.09,298072
2018-11-12,2065.92,2087.24,2065.52,2080.44,295528
2018-11-13,2047.62,2072.03,2032.05,2071.23,383421
2018-11-14,2071.41,2075.12,2060.86,2068.05,339046
2018-11-15,2061.47,2088.61,2058.73,2088.06,351042
2018-11-16,2097.94,2103.11,2086.54,2092.4,301604
2018-11-19,2096.13,2111.39,2089.37,2100.56,273198
2018-11-20,2074.67,2089.54,2074.67,2082.58,281685
2018-11-21,2057.07,2077.49,2049.76,2076.55,267903
2018-11-22,2079.01,2081.75,2066.2,2069.95,242498
2018-11-23,2073.26,2075.91,2047.96,2057.48,227202
2018-11-26,2060.17,2083.96,2060.17,2083.02,237710
2018-11-27,2091.75,2102.29,2079.49,2099.42,239211
2018-11-28,2104.13,2108.65,2094.32,2108.22,300075
2018-11-29,2133.95,2136.74,2108.9,2114.1,307230
2018-11-30,2116.83,2122.33,2093.83,2096.86,427354
2018-12-03,2127.78,2136.64,2113.6,2131.93,436588
2018-12-04,2125.67,2128.94,2105.45,2114.35,507517
2018-12-05,2086.57,2107.69,2086.57,2101.31,492716
2018-12-06,2094.62,2094.62,2064,2068.69,537409
2018-12-07,2081.68,2086.84,2065.62,2075.76,371590
2018-12-10,2048.45,2061.78,2043.21,2053.79,344164
2018-12-11,2058.16,2060.94,2047.17,2052.97,273932
2018-12-12,2062.77,2084.77,2061.13,2082.57,457126
2018-12-13,2087.43,2104.43,2084.37,2095.55,379818
2018-12-14,2095.64,2095.64,2061.4,2069.38,448237
2018-12-17,2071.21,2075.93,2065.51,2071.09,444522
2018-12-18,2057.39,2074.31,2054.26,2062.11,429530
2018-12-19,2068.95,2080.65,2063.01,2078.84,418796
2018-12-20,2063.7,2071.08,2047.52,2060.12,421064
2018-12-21,2052.7,2061.51,2049.76,2061.49,311388
2018-12-24,2050.38,2059.94,2046.18,2055.01,285275
2018-12-26,2028.81,2037.83,2014.28,2028.01,321499
2018-12-27,2032.09,2035.57,2021.39,2028.44,398021
2018-12-28,2036.7,2046.97,2035.41,2041.04,352677
